Date (weekly from+to),Cases per day U.S. (New York Times),Deaths per day U.S. (New York Times),Number of Posts r/AskDocs,Number of Posts r/DiagnoseMe,Number of Posts r/medical,Number of Posts r/medical_advice,Number of Posts summed,"Posts with ""corona"" or ""covid r/AskDocs","Posts with ""corona"" or ""covid r/DiagnoseMe","Posts with ""corona"" or ""covid r/medical","Posts with ""corona"" or ""covid r/medical_advice","Posts with ""corona"" or ""covid summed","Posts with ""fever"" or ""dry cough"" or ""tiredness"" in r/AskDocs","Posts with ""fever"" or ""dry cough"" or ""tiredness"" in r/DiagnoseMe","Posts with ""fever"" or ""dry cough"" or ""tiredness"" in r/medical","Posts with ""fever"" or ""dry cough"" or ""tiredness"" in r/medical_advice","Posts with ""fever"" or ""dry cough"" or ""tiredness"" summed","Google Trends U.S. ""corona""","Google Trends U.S. ""covid""","Google Trends U.S. ""covid 19 symptoms"""
05-01-2020+11-01-2020,0,0,"0,8530559168","0,606557377","0,6802325581","0,5443786982","0,7814397225",0,0,0,0,0,"0,4333333333","0,4","0,375","0,3333333333","0,4415584416","0,01","0,01","0,00"
12-01-2020+18-01-2020,0,0,"0,7867360208","0,6229508197","0,6802325581","0,5562130178","0,7406764961",0,0,0,0,0,"0,4166666667",0,"0,375","0,3333333333","0,4025974026","0,01","0,01","0,00"
19-01-2020+25-01-2020,"0,000004541470437",0,"0,8374512354","0,5901639344","0,7209302326","0,5798816568","0,7814397225","0,05555555556",0,0,0,"0,04166666667","0,3833333333","0,4","0,5","0,3333333333","0,3896103896","0,03","0,01","0,00"
26-01-2020+01-02-2020,"0,000004541470437",0,"0,8543563069","0,7704918033","0,7093023256","0,573964497","0,8005203816","0,1111111111",0,0,0,"0,08333333333","0,4666666667","0,4","0,375","0,3333333333","0,4415584416","0,12",0,"0,00"
02-02-2020+08-02-2020,0,0,"0,8946684005","0,737704918","0,6918604651","0,6094674556","0,8291413703",0,0,0,0,"0,04166666667","0,4333333333","0,4","0,375","0,3333333333","0,4285714286","0,08",0,"0,00"
09-02-2020+15-02-2020,0,0,"0,8244473342","0,7540983607","0,6686046512","0,6331360947","0,7823070252","0,05555555556",0,0,0,"0,04166666667","0,35","0,4","0,375","0,8333333333","0,3766233766","0,07","0,01","0,01"
16-02-2020+22-02-2020,"0,000009082940875",0,"0,9011703511","0,737704918","0,7093023256","0,5917159763","0,8326105811",0,0,0,0,0,"0,4166666667","0,4","0,5","0,5","0,4415584416","0,06","0,01","0,01"
23-02-2020+29-02-2020,"0,0000363317635",0,"0,9258777633","0,868852459","0,7441860465","0,5798816568","0,8594969644","0,05555555556",0,0,0,"0,08333333333","0,45","0,4","0,375","0,3333333333","0,4545454545","0,18","0,02","0,02"
01-03-2020+07-03-2020,"0,0002997370489","0,00113679424","0,9453836151","0,8032786885","0,7209302326","0,573964497","0,8655680833","0,1666666667",0,0,0,"0,125","0,5166666667","0,4","0,625","0,6666666667","0,5324675325","0,35","0,07","0,08"
08-03-2020+14-03-2020,"0,001980081111","0,002652519894","0,9154746424","0,7868852459","0,8372093023","0,5384615385","0,8560277537","0,3333333333",0,"0,6666666667","0,5","0,375","0,6166666667","0,4",1,"0,6666666667","0,6753246753","0,79","0,29","0,44"
15-03-2020+21-03-2020,"0,01911959054","0,02122015915","0,9700910273","0,9016393443","0,773255814","0,6213017751","0,9011274935",1,1,1,"0,5",1,1,1,"0,875","0,8333333333",1,"1,00","0,76","0,96"
22-03-2020+28-03-2020,"0,07098318293","0,1223948465","0,9544863459",1,"0,7848837209","0,7218934911","0,9115351258","0,6666666667",1,"0,3333333333",1,"0,6666666667","0,8333333333","0,8","0,5",1,"0,8441558442","0,76","0,9","1,00"
29-03-2020+04-04-2020,"0,1269386402","0,4406972338","0,9206762029","0,8524590164","0,7906976744","0,8165680473","0,8967909801","0,6111111111","0,5",0,"0,5","0,5416666667","0,7333333333","0,6","0,25","0,8333333333","0,6883116883","0,52","0,93","0,82"
05-04-2020+11-04-2020,"0,1428019964","0,7574838954","0,9583875163","0,9180327869","0,761627907","0,7514792899","0,9124024284","0,5","0,5",0,"0,5","0,4166666667","0,7666666667","0,6","0,375","0,6666666667","0,7272727273","0,37","0,85","0,44"
12-04-2020+18-04-2020,"0,1293319951","0,8298597954","0,911573472","0,8032786885","0,7441860465","0,7514792899","0,8716392021","0,2222222222",0,0,"0,5","0,25","0,5","0,4","0,375","0,8333333333","0,5064935065","0,25","0,65","0,25"
19-04-2020+25-04-2020,"0,1384512678","0,7794619174","0,9232769831","0,9016393443","0,7965116279","0,8224852071","0,9028620989","0,3333333333",0,0,"0,5","0,2916666667","0,5","0,2","0,25","0,6666666667","0,4805194805","0,19","0,62","0,21"
26-04-2020+02-05-2020,"0,1260848438","0,7165593028","0,9921976593","0,8852459016","0,8779069767","0,9704142012","0,9809193408","0,2777777778","0,5",0,"0,5","0,25","0,5","0,4","0,25","0,8333333333","0,5064935065","0,16","0,55","0,20"
03-05-2020+09-05-2020,"0,1112569428","0,6468359227","0,9544863459","0,9180327869","0,8372093023","0,8343195266","0,933217693","0,2777777778",0,0,"0,5","0,25","0,4666666667","0,4","0,5","0,6666666667","0,4805194805","0,13","0,54","0,16"
10-05-2020+16-05-2020,"0,1018197672","0,5305039788","0,9258777633","0,8524590164","0,8546511628","0,8224852071","0,9106678231","0,3333333333",0,0,"0,5","0,2916666667","0,4333333333","0,4","0,375","0,5","0,4285714286","0,12","0,51","0,17"
17-05-2020+23-05-2020,"0,1023147875","0,4391815081","0,9765929779","0,9508196721","0,8953488372","0,8816568047","0,9644405898","0,1666666667",0,0,"0,5","0,2083333333","0,45","0,4","0,375","0,5","0,4415584416","0,10","0,5","0,16"
24-05-2020+30-05-2020,"0,09591131417","0,3626373626","0,9245773732","0,9672131148","0,9127906977","0,9230769231","0,9392888118","0,1666666667",0,"0,3333333333",0,"0,2083333333","0,4166666667","0,4","0,5","0,5","0,4285714286","0,09","0,44","0,16"
31-05-2020+06-06-2020,"0,09999863756","0,3270178098","0,8712613784","0,9836065574","0,9127906977","0,9112426036","0,9019947962","0,1666666667",0,0,0,"0,1666666667","0,3166666667","0,2","0,375","0,5","0,3376623377","0,07","0,37","0,15"
07-06-2020+13-06-2020,"0,09927654376","0,2895035998","0,9310793238",1,"0,9244186047","0,875739645","0,9392888118","0,2222222222","0,5","0,3333333333","0,5","0,25","0,3333333333","0,2","0,375","0,6666666667","0,3506493506","0,07","0,41","0,13"
14-06-2020+20-06-2020,"0,1219430227","0,2277377795","0,911573472","0,9836065574","0,9651162791","0,8875739645","0,9340849957","0,1666666667",0,0,0,"0,1666666667","0,35","0,4","0,375","0,3333333333","0,3636363636","0,07","0,5","0,16"
21-06-2020+27-06-2020,"0,1758366524","0,3160287988","0,9401820546","0,9016393443","0,9418604651","0,8698224852","0,9418907199","0,2777777778",0,0,0,"0,25","0,4166666667","0,2","0,25","0,6666666667","0,4285714286","0,09","0,67","0,35"
28-06-2020+04-07-2020,"0,224053444","0,2231906025","0,9258777633","0,8852459016","0,9360465116","0,8402366864","0,9271465742","0,3333333333",0,0,"0,5","0,2916666667","0,4666666667","0,4","0,375","0,5","0,4675324675","0,09","0,79","0,47"
05-07-2020+11-07-2020,"0,26437716","0,2724516862","0,9479843953","0,8032786885","0,9709302326","0,9467455621","0,9583694709","0,2222222222","0,5","0,3333333333","0,5","0,25","0,4166666667","0,4","0,625","0,5","0,4545454545","0,08","0,75","0,44"
12-07-2020+18-07-2020,"0,3028797464","0,2921561197",1,"0,9180327869","0,9186046512",1,"0,9991326973","0,2222222222",0,0,"0,5","0,2083333333","0,45","0,2","0,375","0,5","0,4415584416","0,08","0,79","0,33"
19-07-2020+25-07-2020,"0,2980703292","0,3452065176","0,9622886866","0,9016393443","0,9651162791","0,9289940828","0,9696444059","0,2222222222",0,"0,3333333333",0,"0,25","0,4","0,4","0,375","0,5","0,4155844156","0,07","0,69","0,22"
26-07-2020+01-08-2020,"0,2820480215","0,4645699128","0,9934980494","0,9016393443","0,9709302326","0,9881656805",1,"0,2777777778",0,"0,3333333333","0,5","0,2916666667","0,4",0,"0,375","0,6666666667","0,4155844156","0,06","0,69","0,18"
02-08-2020+08-08-2020,"0,2446853442","0,3868889731","0,9401820546","0,8032786885","0,9302325581","0,9644970414","0,9496964441","0,2777777778",0,"0,3333333333","0,5","0,25","0,4666666667","0,2","0,375","0,6666666667","0,4545454545","0,06","0,62","0,15"
09-08-2020+15-08-2020,"0,2343580404","0,4020462296","0,9414824447","0,9508196721","0,9825581395","0,8816568047","0,9540329575","0,1666666667",0,"0,3333333333",0,"0,2083333333","0,4","0,2","0,375","0,3333333333","0,4025974026","0,05","0,55","0,13"
16-08-2020+22-08-2020,"0,1921586971","0,3668056082","0,8868660598","0,8032786885","0,9418604651","0,8639053254","0,9011274935","0,2777777778",0,"0,3333333333","0,5","0,2916666667","0,35","0,2","0,375","0,6666666667","0,3766233766","0,05","0,49","0,11"
23-08-2020+29-08-2020,"0,1914683936","0,3406593407","0,8894668401","0,7868852459","0,9825581395","0,9289940828","0,9184735473","0,1666666667","0,5","0,3333333333","0,5","0,2083333333","0,4166666667","0,2","0,5","0,6666666667","0,4415584416","0,04","0,44","0,10"
30-08-2020+05-09-2020,"0,1840794212","0,3160287988","0,8764629389","0,7213114754",1,"0,875739645","0,9002601908","0,1666666667",0,"0,3333333333",0,"0,1666666667","0,3666666667","0,4","0,5","0,5","0,4025974026","0,04","0,46","0,12"
06-09-2020+12-09-2020,"0,1592829926","0,2781356574","0,8179453836","0,6885245902","0,8662790698","0,875739645","0,8404163053","0,2777777778",0,0,0,"0,25","0,3833333333","0,2","0,25","0,5","0,3766233766","0,04","0,42","0,12"
13-09-2020+19-09-2020,"0,1866771423","0,2929139826","0,811443433","0,6721311475","0,8430232558","0,7810650888","0,8178664354","0,1111111111",0,0,"0,5","0,125","0,3166666667","0,2","0,375","0,6666666667","0,3506493506","0,03","0,4","0,10"
20-09-2020+26-09-2020,"0,2035032903","0,2834406972","0,7295188557","0,6557377049","0,8430232558","0,7573964497","0,7580225499","0,1111111111",0,0,"0,5","0,125","0,2666666667","0,4","0,375","0,6666666667","0,3246753247","0,03","0,4","0,10"
27-09-2020+03-10-2020,"0,1984985899","0,2709359606","0,8062418726","0,6721311475","0,8488372093","0,8165680473","0,8187337381","0,2222222222",0,"0,3333333333","0,5","0,25","0,3","0,2","0,375","0,5","0,3246753247","0,05","0,54","0,10"
04-10-2020+10-10-2020,"0,2400939176","0,2705570292","0,8361508453","0,7540983607","0,8197674419","0,8698224852","0,8464874241","0,2222222222","0,5",0,0,"0,2083333333","0,35","0,2","0,375","0,5","0,3636363636","0,04","0,55","0,11"
11-10-2020+17-10-2020,"0,2586821561","0,2671466465","0,8309492848","0,6557377049","0,8837209302","0,8284023669","0,8421509107","0,2222222222",0,0,0,"0,2083333333","0,35","0,2","0,25","0,5","0,3506493506","0,03","0,47","0,08"
18-10-2020+24-10-2020,"0,3172489589","0,304281925","0,7126137841","0,5901639344","0,7848837209","0,7573964497","0,73547268","0,1666666667",0,0,"0,5","0,1666666667","0,25","0,2","0,25","0,5","0,2727272727","0,03","0,51","0,08"
25-10-2020+31-10-2020,"0,3761836207","0,3126184161","0,7906371912","0,7540983607","0,9011627907","0,7514792899","0,8117953166","0,1111111111",0,"0,3333333333","0,5","0,2083333333","0,3166666667","0,2","0,25","0,6666666667","0,3376623377","0,04","0,56","0,09"
01-11-2020+07-11-2020,"0,5047617318","0,384994316","0,599479844","0,4918032787","0,6162790698","0,5207100592","0,5941023417","0,1666666667",0,"0,3333333333","0,5","0,2083333333","0,2666666667","0,2","0,25","0,3333333333","0,2727272727","0,03","0,47","0,08"
08-11-2020+14-11-2020,"0,6828009973","0,4350132626","0,821846554","0,737704918","0,8720930233","0,798816568","0,8334778838","0,2222222222",0,"0,3333333333","0,5","0,25","0,3","0,2","0,375","0,5","0,3246753247","0,04","0,79","0,12"
15-11-2020+21-11-2020,"0,7783172035","0,5691549829","0,9466840052","0,6885245902","0,9069767442","0,798816568","0,9202081526","0,2777777778",0,"0,3333333333","0,5","0,2916666667","0,4","0,2","0,25","0,8333333333","0,4155844156","0,04",1,"0,13"
22-11-2020+28-11-2020,"0,7361087773","0,5498294809","0,877763329","0,6393442623","0,8430232558","0,7100591716","0,8490893322","0,1666666667",0,0,"0,5","0,1666666667","0,3666666667","0,2","0,375","0,5","0,3896103896","0,03","0,78","0,12"
29-11-2020+05-12-2020,"0,8954735164","0,842364532","0,8504551365","0,6393442623","0,9186046512","0,7218934911","0,8447528187","0,2777777778",0,0,"0,5","0,25","0,3666666667","0,2","0,375","0,5","0,3636363636","0,04","0,75","0,12"
06-12-2020+12-12-2020,1,"0,921182266","0,9011703511","0,6557377049","0,8953488372","0,7514792899","0,8794449263","0,2777777778",0,"0,3333333333","0,5","0,2916666667","0,4166666667","0,4","0,5","0,5","0,4155844156","0,04","0,84","0,10"
13-12-2020+19-12-2020,"0,9813799712",1,"0,8660598179","0,6721311475","0,9244186047","0,7692307692","0,8647007806","0,3888888889",0,0,0,"0,3333333333","0,3666666667","0,2","0,375","0,5","0,3636363636","0,03","0,83","0,11"
20-12-2020+26-12-2020,"0,8398677524","0,835922698","0,821846554","0,6557377049","0,7965116279","0,7573964497","0,8126626193","0,3333333333",0,0,"0,5","0,3333333333","0,3833333333","0,2","0,5","0,5","0,3896103896","0,03","0,8","0,10"
27-12-2020+02-01-2021,"0,9672196664","0,9981053429","0,899869961","0,5573770492","0,8081395349","0,8579881657","0,8768430182","0,3333333333",0,"0,3333333333","0,5","0,375","0,4166666667","0,4","0,5","0,6666666667","0,4545454545","0,03","0,84","0,11"