Date (weekly from+to),Cases per day U.S. (New York Times),Deaths per day U.S. (New York Times),Number of Posts r/AskDocs,Number of Posts r/DiagnoseMe,Number of Posts r/medical,Number of Posts r/medical_advice,Number of Posts summed,"Posts with ""corona"" or ""covid r/AskDocs","Posts with ""corona"" or ""covid r/DiagnoseMe","Posts with ""corona"" or ""covid r/medical","Posts with ""corona"" or ""covid r/medical_advice","Posts with ""corona"" or ""covid summed","Posts with ""fever"" or ""dry cough"" or ""tiredness"" in r/AskDocs","Posts with ""fever"" or ""dry cough"" or ""tiredness"" in r/DiagnoseMe","Posts with ""fever"" or ""dry cough"" or ""tiredness"" in r/medical","Posts with ""fever"" or ""dry cough"" or ""tiredness"" in r/medical_advice","Posts with ""fever"" or ""dry cough"" or ""tiredness"" summed"
05-01-2020+11-01-2020,0,0,656,37,117,92,901,0,0,0,0,0,26,2,3,2,34
12-01-2020+18-01-2020,0,0,605,38,117,94,854,0,0,0,0,0,25,0,3,2,31
19-01-2020+25-01-2020,1,0,644,36,124,98,901,1,0,0,0,1,23,2,4,2,30
26-01-2020+01-02-2020,1,0,657,47,122,97,923,2,0,0,0,2,28,2,3,2,34
02-02-2020+08-02-2020,0,0,688,45,119,103,956,0,0,0,0,1,26,2,3,2,33
09-02-2020+15-02-2020,0,0,634,46,115,107,902,1,0,0,0,1,21,2,3,5,29
16-02-2020+22-02-2020,2,0,693,45,122,100,960,0,0,0,0,0,25,2,4,3,34
23-02-2020+29-02-2020,8,0,712,53,128,98,991,1,0,0,0,2,27,2,3,2,35
01-03-2020+07-03-2020,66,3,727,49,124,97,998,3,0,0,0,3,31,2,5,4,41
08-03-2020+14-03-2020,436,7,704,48,144,91,987,6,0,2,1,9,37,2,8,4,52
15-03-2020+21-03-2020,4210,56,746,55,133,105,1039,18,2,3,1,24,60,5,7,5,77
22-03-2020+28-03-2020,15630,323,734,61,135,122,1051,12,2,1,2,16,50,4,4,6,65
29-03-2020+04-04-2020,27951,1163,708,52,136,138,1034,11,1,0,1,13,44,3,2,5,53
05-04-2020+11-04-2020,31444,1999,737,56,131,127,1052,9,1,0,1,10,46,3,3,4,56
12-04-2020+18-04-2020,28478,2190,701,49,128,127,1005,4,0,0,1,6,30,2,3,5,39
19-04-2020+25-04-2020,30486,2057,710,55,137,139,1041,6,0,0,1,7,30,1,2,4,37
26-04-2020+02-05-2020,27763,1891,763,54,151,164,1131,5,1,0,1,6,30,2,2,5,39
03-05-2020+09-05-2020,24498,1707,734,56,144,141,1076,5,0,0,1,6,28,2,4,4,37
10-05-2020+16-05-2020,22420,1400,712,52,147,139,1050,6,0,0,1,7,26,2,3,3,33
17-05-2020+23-05-2020,22529,1159,751,58,154,149,1112,3,0,0,1,5,27,2,3,3,34
24-05-2020+30-05-2020,21119,957,711,59,157,156,1083,3,0,1,0,5,25,2,4,3,33
31-05-2020+06-06-2020,22019,863,670,60,157,154,1040,3,0,0,0,4,19,1,3,3,26
07-06-2020+13-06-2020,21860,764,716,61,159,148,1083,4,1,1,1,6,20,1,3,4,27
14-06-2020+20-06-2020,26851,601,701,60,166,150,1077,3,0,0,0,4,21,2,3,2,28
21-06-2020+27-06-2020,38718,834,723,55,162,147,1086,5,0,0,0,6,25,1,2,4,33
28-06-2020+04-07-2020,49335,589,712,54,161,142,1069,6,0,0,1,7,28,2,3,3,36
05-07-2020+11-07-2020,58214,719,729,49,167,160,1105,4,1,1,1,6,25,2,5,3,35
12-07-2020+18-07-2020,66692,771,769,56,158,169,1152,4,0,0,1,5,27,1,3,3,34
19-07-2020+25-07-2020,65633,911,740,55,166,157,1118,4,0,1,0,6,24,2,3,3,32
26-07-2020+01-08-2020,62105,1226,764,55,167,167,1153,5,0,1,1,7,24,0,3,4,32
02-08-2020+08-08-2020,53878,1021,723,49,160,163,1095,5,0,1,1,6,28,1,3,4,35
09-08-2020+15-08-2020,51604,1061,724,58,169,149,1100,3,0,1,0,5,24,1,3,2,31
16-08-2020+22-08-2020,42312,968,682,49,162,146,1039,5,0,1,1,7,21,1,3,4,29
23-08-2020+29-08-2020,42160,899,684,48,169,157,1059,3,1,1,1,5,25,1,4,4,34
30-08-2020+05-09-2020,40533,834,674,44,172,148,1038,3,0,1,0,4,22,2,4,3,31
06-09-2020+12-09-2020,35073,734,629,42,149,148,969,5,0,0,0,6,23,1,2,3,29
13-09-2020+19-09-2020,41105,773,624,41,145,132,943,2,0,0,1,3,19,1,3,4,27
20-09-2020+26-09-2020,44810,748,561,40,145,128,874,2,0,0,1,3,16,2,3,4,25
27-09-2020+03-10-2020,43708,715,620,41,146,138,944,4,0,1,1,6,18,1,3,3,25
04-10-2020+10-10-2020,52867,714,643,46,141,147,976,4,1,0,0,5,21,1,3,3,28
11-10-2020+17-10-2020,56960,705,639,40,152,140,971,4,0,0,0,5,21,1,2,3,27
18-10-2020+24-10-2020,69856,803,548,36,135,128,848,3,0,0,1,4,15,1,2,3,21
25-10-2020+31-10-2020,82833,825,608,46,155,127,936,2,0,1,1,5,19,1,2,4,26
01-11-2020+07-11-2020,111145,1016,461,30,106,88,685,3,0,1,1,5,16,1,2,2,21
08-11-2020+14-11-2020,150348,1148,632,45,150,135,961,4,0,1,1,6,18,1,3,3,25
15-11-2020+21-11-2020,171380,1502,728,42,156,135,1061,5,0,1,1,7,24,1,2,5,32
22-11-2020+28-11-2020,162086,1451,675,39,145,120,979,3,0,0,1,4,22,1,3,3,30
29-11-2020+05-12-2020,197177,2223,654,39,158,122,974,5,0,0,1,6,22,1,3,3,28
06-12-2020+12-12-2020,220193,2431,693,40,154,127,1014,5,0,1,1,7,25,2,4,3,32
13-12-2020+19-12-2020,216093,2639,666,41,159,130,997,7,0,0,0,8,22,1,3,3,28
20-12-2020+26-12-2020,184933,2206,632,40,137,128,937,6,0,0,1,8,23,1,4,3,30
27-12-2020+02-01-2021,212975,2634,692,34,139,145,1011,6,0,1,1,9,25,2,4,4,35